[{"url": "PreloadJS.html#property_async", "access": "", "host": "PreloadJS", "type": "property", "name": "async"}, {"url": "AbstractLoader.html#method_cancel", "access": "", "host": "AbstractLoader", "type": "method", "name": "cancel"}, {"url": "PreloadJS.html#method_close", "access": "", "host": "PreloadJS", "type": "method", "name": "close"}, {"url": "PreloadJS.html#property_CSS", "access": "", "host": "PreloadJS", "type": "property", "name": "CSS"}, {"url": "AbstractLoader.html#method_getItem", "access": "", "host": "AbstractLoader", "type": "method", "name": "getItem"}, {"url": "PreloadJS.html#method_getResult", "access": "", "host": "PreloadJS", "type": "method", "name": "getResult"}, {"url": "PreloadJS.html#property_IMAGE", "access": "", "host": "PreloadJS", "type": "property", "name": "IMAGE"}, {"url": "BrowserDetect.html#method_init", "access": "", "host": "BrowserDetect", "type": "method", "name": "init"}, {"url": "PreloadJS.html#method_initialize", "access": "", "host": "PreloadJS", "type": "method", "name": "initialize"}, {"url": "PreloadJS.html#method_installPlugin", "access": "", "host": "PreloadJS", "type": "method", "name": "installPlugin"}, {"url": "PreloadJS.html#property_JAVASCRIPT", "access": "", "host": "PreloadJS", "type": "property", "name": "JAVASCRIPT"}, {"url": "PreloadJS.html#property_JSON", "access": "", "host": "PreloadJS", "type": "property", "name": "JSON"}, {"url": "AbstractLoader.html#method_load", "access": "", "host": "AbstractLoader", "type": "method", "name": "load"}, {"url": "PreloadJS.html#method_load", "access": "", "host": "PreloadJS", "type": "method", "name": "load"}, {"url": "AbstractLoader.html#property_loaded", "access": "", "host": "AbstractLoader", "type": "property", "name": "loaded"}, {"url": "PreloadJS.html#method_loadFile", "access": "", "host": "PreloadJS", "type": "method", "name": "loadFile"}, {"url": "PreloadJS.html#method_loadManifest", "access": "", "host": "PreloadJS", "type": "method", "name": "loadManifest"}, {"url": "PreloadJS.html#method_log", "access": "", "host": "PreloadJS", "type": "method", "name": "log"}, {"url": "PreloadJS.html#property_maintainScriptOrder", "access": "", "host": "PreloadJS", "type": "property", "name": "maintainScriptOrder"}, {"url": "PreloadJS.html#property_next", "access": "", "host": "PreloadJS", "type": "property", "name": "next"}, {"url": "AbstractLoader.html#property_onComplete", "access": "", "host": "AbstractLoader", "type": "property", "name": "onComplete"}, {"url": "AbstractLoader.html#property_onFileError", "access": "", "host": "AbstractLoader", "type": "property", "name": "onFileError"}, {"url": "AbstractLoader.html#property_onFileLoad", "access": "", "host": "AbstractLoader", "type": "property", "name": "onFileLoad"}, {"url": "AbstractLoader.html#property_onFileProgress", "access": "", "host": "AbstractLoader", "type": "property", "name": "onFileProgress"}, {"url": "PreloadJS.html#property_onItemProgress", "access": "", "host": "PreloadJS", "type": "property", "name": "onItemProgress"}, {"url": "AbstractLoader.html#property_onLoadStart", "access": "", "host": "AbstractLoader", "type": "property", "name": "onLoadStart"}, {"url": "AbstractLoader.html#property_onProgress", "access": "", "host": "AbstractLoader", "type": "property", "name": "onProgress"}, {"url": "AbstractLoader.html#property_progress", "access": "", "host": "AbstractLoader", "type": "property", "name": "progress"}, {"url": "PreloadJS.html#method_proxy", "access": "", "host": "PreloadJS", "type": "method", "name": "proxy"}, {"url": "PreloadJS.html#method_setMaxLoads", "access": "", "host": "PreloadJS", "type": "method", "name": "setMaxLoads"}, {"url": "PreloadJS.html#method_setPaused", "access": "", "host": "PreloadJS", "type": "method", "name": "setPaused"}, {"url": "PreloadJS.html#property_SOUND", "access": "", "host": "PreloadJS", "type": "property", "name": "SOUND"}, {"url": "PreloadJS.html#property_stopOnError", "access": "", "host": "PreloadJS", "type": "property", "name": "stopOnError"}, {"url": "PreloadJS.html#property_TEXT", "access": "", "host": "PreloadJS", "type": "property", "name": "TEXT"}, {"url": "PreloadJS.html#property_TIMEOUT_TIME", "access": "", "host": "PreloadJS", "type": "property", "name": "TIMEOUT_TIME"}, {"url": "PreloadJS.html#property_useXHR", "access": "", "host": "PreloadJS", "type": "property", "name": "useXHR"}, {"url": "PreloadJS.html#property_XML", "access": "", "host": "PreloadJS", "type": "property", "name": "XML"}]