{"majorversion": 2, "classmap": {"BrowserDetect": {"name": "BrowserDetect", "constructors": [{"description": "Detemermine the current browser, version, operating system, and other environment variables."}], "namespace": "", "module": "BrowserDetect", "methods": {"init": {"description": "Initialize the detection script.", "guessedname": "init", "guessedtype": "function"}}, "file": "BrowserDetect.js", "shortname": "BrowserDetect", "description": "Detemermine the current browser, version, operating system, and other environment variables."}, "TagLoader": {"name": "TagLoader", "constructors": [{"params": [{"type": "String | Object", "name": "item", "description": " The item to load"}, {"type": "String", "name": "srcAttr", "description": " The attribute to use as the \"source\" param, since some tags use different items, such as <style>"}, {"type": "Boolean", "name": "useXHR", "description": " Determine if the content should be loaded via XHR before being put on the tag."}], "description": "The loader that handles loading items using a tag-based approach. There is a built-in\nfallback for XHR loading for tags that do not fire onload events, such as &lt;script&gt; and &lt;style&gt;."}], "namespace": "", "module": "PreloadJS", "guessedname": "TagLoader", "extends": "AbstractLoader", "superclass": "AbstractLoader", "file": "TagLoader.js", "guessedtype": "function", "shortname": "TagLoader", "description": "The loader that handles loading items using a tag-based approach. There is a built-in\nfallback for XHR loading for tags that do not fire onload events, such as &lt;script&gt; and &lt;style&gt;."}, "XHRLoader": {"name": "XHRLoader", "constructors": [{"params": [{"type": "Object", "name": "file", "description": " The object that defines the file to load."}], "description": "The loader that handles XmlHttpRequests."}], "namespace": "", "module": "PreloadJS", "guessedname": "XHRLoader", "extends": "AbstractLoader", "superclass": "AbstractLoader", "file": "XHRLoader.js", "guessedtype": "function", "shortname": "XHRLoader", "properties": {"_xhrLevel": {"private": "", "description": "Is the browsers XMLHTTPRequest version 1 or 2.\nThere is no way to accurately detect v1 vs v2 ... so its our best guess.", "guessedname": "_xhrLevel", "guessedtype": "property"}}, "description": "The loader that handles XmlHttpRequests."}, "AbstractLoader": {"name": "AbstractLoader", "constructors": [{"description": "The base loader, which handles all callbacks. All loaders should extend this class."}], "namespace": "", "module": "PreloadJS", "guessedname": "AbstractLoader", "methods": {"load": {"description": "Begin the load.", "guessedname": "load", "guessedtype": "function"}, "cancel": {"description": "Cancel the load.", "guessedname": "cancel", "guessedtype": "function"}, "init": {"private": "", "description": "Initialize the loader.", "guessedname": "init", "guessedtype": "function"}, "getItem": {"return": {"type": "Object", "description": "The manifest item"}, "description": "Get a reference to the manifest item that is loaded by this loader.", "guessedname": "getItem", "guessedtype": "function"}}, "file": "AbstractLoader.js", "guessedtype": "function", "shortname": "AbstractLoader", "properties": {"onFileError": {"default": "null", "type": "Function", "description": "The callback to fire when a file encounters an error.", "guessedname": "onFileError", "guessedtype": "property"}, "onComplete": {"default": "null", "type": "Function", "description": "The callback to fire when all loading is complete.", "guessedname": "onComplete", "guessedtype": "property"}, "onProgress": {"default": "null", "type": "Function", "description": "The callback to fire when progress changes.", "guessedname": "onProgress", "guessedtype": "property"}, "onFileProgress": {"default": "null", "type": "Function", "description": "The callback to fire when a file progress changes.", "guessedname": "onFileLoad", "guessedtype": "property"}, "progress": {"default": "0", "type": "Number", "description": "The current load progress (percentage) for this item.", "guessedname": "progress", "guessedtype": "property"}, "onFileLoad": {"default": "null", "type": "Function", "description": "The callback to fire when a file completes.", "guessedname": "onFileLoad", "guessedtype": "property"}, "loaded": {"default": "false", "type": "Boolean", "description": "Determine if this loader has completed already.", "guessedname": "loaded", "guessedtype": "property"}, "onLoadStart": {"default": "null", "type": "Function", "description": "The callback to fire when a load starts.", "guessedname": "onLoadStart", "guessedtype": "property"}}, "description": "The base loader, which handles all callbacks. All loaders should extend this class."}, "PreloadJS": {"name": "PreloadJS", "constructors": [{"params": [{"type": "", "name": "Boolean", "description": " useXHR2 Determines whether the preload instance will use XmlHttpRequests, or fall back on tag loading."}], "description": "PreloadJS provides a consistent way to preload content for use in HTML applications."}], "namespace": "", "module": "PreloadJS", "guessedname": "PreloadJS", "methods": {"load": {"description": "Begin loading the queued items.", "guessedname": "load", "guessedtype": "function"}, "log": {"static": "", "description": "Debug function wraps console to prevent issues.", "guessedname": "log", "guessedtype": "function"}, "setMaxLoads": {"params": [{"type": "Number", "name": "value", "description": " The number of concurrent loads to allow."}], "description": "Set the maximum number of concurrent loads.", "guessedname": "setMaxLoads", "guessedtype": "function"}, "determineCapabilities": {"private": "", "description": "Determine the capabilities based on the current browser/version.", "guessedname": "determineCapabilities", "guessedtype": "function"}, "getResult": {"return": {"type": "Object", "description": "The item that was loaded."}, "params": [{"type": "String", "name": "value", "description": " The ID or SRC of the loaded item."}], "description": "Get the load result of an item by ID or SRC", "guessedname": "getResult", "guessedtype": "function"}, "loadManifest": {"params": [{"type": "Array", "name": "manifest", "description": " The array of files to load"}, {"type": "Boolean", "name": "loadNow", "description": " Kick off an immediate load (true) or wait for a load call (false)"}], "description": "Load a manifest, containing a list of files", "guessedname": "loadManifest", "guessedtype": "function"}, "proxy": {"static": "", "params": [{"type": "Function", "name": "method", "description": " The method name to call"}, {"type": "Object", "name": "scope", "description": " The scope to call the method name on"}], "description": "Public proxy for SoundJS methods.", "guessedname": "proxy", "guessedtype": "function"}, "installPlugin": {"params": [{"type": "Function", "name": "plugin", "description": " The plugin to install"}], "description": "Register a plugin. Plugins can map to both load types (sound, image, etc), or can map to specific\nextensions (png, mp3, etc). Only one plugin can currently exist per suffix/type.\nPlugins must return an object containing:\ncallback: The function to call\ntypes: An array of types to handle\nextensions: An array of extensions to handle. This is overriden by type handlers", "guessedname": "installPlugin", "guessedtype": "function"}, "loadFile": {"params": [{"type": "Object | String", "name": "file", "description": " The file object or path to load"}, {"type": "Boolean", "name": "loadNow", "description": " Kick off an immediate load (true) or wait for a load call (false)"}], "description": "Load a single file", "guessedname": "loadFile", "guessedtype": "function"}, "isBinary": {"guessedname": "isBinary", "params": [{"type": "", "name": "type", "description": " The type to check"}], "description": "Determine if a specific type should be loaded as a binary file", "private": "", "guessedtype": "function"}, "initialize": {"params": [{"type": "", "name": "useXHR", "description": " Use XHR for loading (vs tag/script loading)"}], "description": "Initialize a PreloadJS instance", "guessedname": "initialize", "guessedtype": "function"}, "close": {"description": "Close the active queue.", "guessedname": "close", "guessedtype": "function"}, "setPaused": {"params": [{"type": "Boolean", "name": "value", "description": " Whether the queue should be paused or not."}], "description": "Pause or resume the current load. The active item will not cancel, but the next\nitems in the queue will not be processed.", "guessedname": "setPaused", "guessedtype": "function"}}, "extends": "AbstractLoader", "superclass": "AbstractLoader", "file": "PreloadJS.js", "guessedtype": "function", "shortname": "PreloadJS", "properties": {"SOUND": {"description": "The preload type for sound files, usually mp3, ogg, or wav.", "default": "sound", "static": "", "guessedname": "SOUND", "guessedtype": "property", "type": "String"}, "XML": {"description": "The preload type for xml files.", "default": "xml", "static": "", "guessedname": "XML", "guessedtype": "property", "type": "String"}, "onItemProgress": {"default": "null", "type": "Function", "description": "The callback to fire when item progress changes.", "guessedname": "onItemProgress", "guessedtype": "property"}, "TEXT": {"description": "The preload type for text files, which is also the default file type if the type can not be determined.", "default": "text", "static": "", "guessedname": "TEXT", "guessedtype": "property", "type": "String"}, "IMAGE": {"description": "The preload type for image files, usually png, gif, or jpg/jpeg", "default": "image", "static": "", "guessedname": "IMAGE", "guessedtype": "property", "type": "String"}, "JAVASCRIPT": {"description": "The preload type for javascript files, usually with the \"js\" file extension.", "default": "javascript", "static": "", "guessedname": "JAVASCRIPT", "guessedtype": "property", "type": "String"}, "next": {"default": "null", "type": "PreloadJS", "description": "The next preload queue to process when this one is complete.", "guessedname": "next", "guessedtype": "property"}, "maintainScriptOrder": {"default": "true", "type": "Boolean", "description": "Ensure loaded scripts \"complete\" in the order they are specified.", "guessedname": "maintainScriptOrder", "guessedtype": "property"}, "JSON": {"description": "The preload type for json files, usually with the \"json\" file extension.", "default": "json", "static": "", "guessedname": "JSON", "guessedtype": "property", "type": "String"}, "async": {"default": "false", "type": "Boolean", "description": "Use asynchronous XMLHttpRequests.", "guessedname": "async", "guessedtype": "property"}, "TIMEOUT_TIME": {"description": "Time in millseconds to assume a load has failed.", "default": "8000", "static": "", "guessedname": "TIMEOUT_TIME", "guessedtype": "property", "type": "Number"}, "stopOnError": {"default": "false", "type": "Boolean", "description": "Stop processing the current queue when an error is encountered.", "guessedname": "stopOnError", "guessedtype": "property"}, "CSS": {"description": "The preload type for css files.", "default": "css", "static": "", "guessedname": "CSS", "guessedtype": "property", "type": "String"}, "useXHR": {"default": "true", "type": "Boolean", "description": "Use XMLHttpRequest when possible.", "guessedname": "useXHR", "guessedtype": "property"}}, "description": "PreloadJS provides a consistent way to preload content for use in HTML applications."}}, "version": "0.1.0", "modules": {"BrowserDetect": {"description": "Simple Script to do browser detection between libraries", "submodules": [], "classlist": ["BrowserDetect"], "filelist": ["BrowserDetect.js", "AbstractLoader.js"], "subdata": {}, "name": "BrowserDetect"}, "PreloadJS": {"description": "PreloadJS provides a consistent API for preloading content in HTML5.", "submodules": [], "classlist": ["AbstractLoader", "PreloadJS", "TagLoader", "XHRLoader"], "filelist": ["PreloadJS.js", "TagLoader.js", "XHRLoader.js"], "subdata": {}, "name": "PreloadJS"}}, "filemap": {"BrowserDetect.js": {"classlist": ["BrowserDetect"], "name": "BrowserDetect.js", "module": "BrowserDetect"}, "TagLoader.js": {"classlist": ["TagLoader"], "name": "TagLoader.js", "module": "PreloadJS"}, "XHRLoader.js": {"classlist": ["XHRLoader"], "name": "XHRLoader.js", "module": "PreloadJS"}, "PreloadJS.js": {"classlist": ["PreloadJS"], "name": "PreloadJS.js", "module": "PreloadJS"}, "AbstractLoader.js": {"classlist": ["AbstractLoader"], "name": "AbstractLoader.js", "module": "BrowserDetect"}}}