{"majorversion": 2, "classmap": {"TagLoader": {"name": "TagLoader", "constructors": [{"params": [{"type": "String | Object", "name": "item", "description": " The item to load"}, {"type": "String", "name": "srcAttr", "description": " The attribute to use as the \"source\" param, since some tags use different items, such as <style>"}, {"type": "Boolean", "name": "useXHR", "description": " Determine if the content should be loaded via XHR before being put on the tag."}], "description": "The loader that handles loading items using a tag-based approach. There is a built-in\nfallback for XHR loading for tags that do not fire onload events, such as &lt;script&gt; and &lt;style&gt;."}], "namespace": "", "module": "PreloadJS", "guessedname": "TagLoader", "extends": "AbstractLoader", "superclass": "AbstractLoader", "file": "TagLoader.js", "guessedtype": "function", "shortname": "TagLoader", "description": "The loader that handles loading items using a tag-based approach. There is a built-in\nfallback for XHR loading for tags that do not fire onload events, such as &lt;script&gt; and &lt;style&gt;."}, "XHRLoader": {"name": "XHRLoader", "constructors": [{"params": [{"type": "Object", "name": "file", "description": " The object that defines the file to load."}], "description": "The loader that handles XmlHttpRequests."}], "namespace": "", "module": "PreloadJS", "guessedname": "XHRLoader", "extends": "AbstractLoader", "superclass": "AbstractLoader", "file": "XHRLoader.js", "guessedtype": "function", "shortname": "XHRLoader", "properties": {"_xhrLevel": {"private": "", "description": "Is the browsers XMLHTTPRequest version 1 or 2.\nThere is no way to accurately detect v1 vs v2 ... so its our best guess.", "guessedname": "_xhrLevel", "guessedtype": "property"}}, "description": "The loader that handles XmlHttpRequests."}, "AbstractLoader": {"name": "AbstractLoader", "constructors": [{"description": "The base loader, which handles all callbacks. All loaders should extend this class."}], "namespace": "", "module": "PreloadJS", "events": {"onComplete": {"description": "The callback to fire when all loading is complete.", "guessedname": "onComplete", "guessedtype": "property"}, "onProgress": {"description": "The callback to fire when progress changes.", "guessedname": "onProgress", "guessedtype": "property"}, "onFileProgress": {"description": "The callback to fire when a file progress changes.", "guessedname": "onFileProgress", "guessedtype": "property"}, "onError": {"description": "The callback to fire when the loader encounters an error. If the error was encountered\nby a file, the event will contain the required file data, but the target will be the loader.", "guessedname": "onError", "guessedtype": "property"}, "onFileLoad": {"description": "The callback to fire when a file completes.", "guessedname": "onFileLoad", "guessedtype": "property"}, "onLoadStart": {"description": "The callback to fire when a load starts.", "guessedname": "onLoadStart", "guessedtype": "property"}}, "guessedname": "AbstractLoader", "methods": {"load": {"description": "Begin the load.", "guessedname": "load", "guessedtype": "function"}, "cancel": {"description": "Cancel the load.", "guessedname": "cancel", "guessedtype": "function"}, "init": {"private": "", "description": "Initialize the loader.", "guessedname": "init", "guessedtype": "function"}, "getItem": {"return": {"type": "Object", "description": "The manifest item"}, "description": "Get a reference to the manifest item that is loaded by this loader.", "guessedname": "getItem", "guessedtype": "function"}}, "file": "AbstractLoader.js", "guessedtype": "function", "shortname": "AbstractLoader", "properties": {"loaded": {"default": "false", "type": "Boolean", "description": "Determine if this loader has completed already.", "guessedname": "loaded", "guessedtype": "property"}, "progress": {"default": "0", "type": "Number", "description": "The current load progress (percentage) for this item.", "guessedname": "progress", "guessedtype": "property"}}, "description": "The base loader, which handles all callbacks. All loaders should extend this class."}, "PreloadJS": {"name": "PreloadJS", "constructors": [{"params": [{"type": "Boolean", "name": "useXHR2", "description": " Determines whether the preload instance will use XHR (XML HTTP Requests), or fall back on tag loading."}], "description": "PreloadJS provides a consistent way to preload content for use in HTML applications."}], "namespace": "", "module": "PreloadJS", "guessedname": "PreloadJS", "methods": {"load": {"description": "Begin loading the queued items.", "guessedname": "load", "guessedtype": "function"}, "determineCapabilities": {"private": "", "description": "Determine the capabilities based on the current browser/version.", "guessedname": "determineCapabilities", "guessedtype": "function"}, "getResult": {"return": {"type": "Object", "description": "A result object containing the contents of the object that was initially requested using loadFile or loadManifest, including:\n<ol>\n<li>src: The source of the file that was requested.</li>\n<li>type: The type of file that was loaded. If it was not specified, this is auto-detected by PreloadJS using the file extension.</li>\n<li>id: The id of the loaded object. If it was not specified, the ID will be the same as the \"src\" property.</li>\n<li>data: Any arbitrary data that was specified, otherwise it will be undefined.\n<li>result: The loaded object. PreloadJS provides usable tag elements when possible:<ul>\n<li>An HTMLImageElement tag (&lt;image /&gt;) for images</li>\n<li>An HTMLAudioElement tag (&lt;audio &gt;) for audio</li>\n<li>A script tag for JavaScript (&lt;script&gt;&lt;/script&gt;)</li>\n<li>A style tag for CSS (&lt;style&gt;&lt;/style&gt;)</li>\n<li>Raw text for JSON or any other kind of loaded item</li>\n</ul></li>\n</ol>\nThis object is also returned via the \"onFileLoad\" callback, although a \"target\" will be included, which is a reference to the PreloadJS instance."}, "params": [{"type": "String", "name": "value", "description": " The \"id\" or \"src\" of the loaded item."}], "description": "Lookup a loaded item using either the \"id\" or \"src\" that was specified when loading it.", "guessedname": "getResult", "guessedtype": "function"}, "loadManifest": {"params": [{"type": "Array", "name": "manifest", "description": " The list of files to load. Each file can be either\n<ol>\n<li>a path to a resource (string). Note that this kind of load item will be\nconverted to an object (next item) in the background.</li>\n<li>OR an object that contains:<ul>\n<li>src: The source of the file that is being loaded. This property is <b>required</b>.\nThe source can either be a string (recommended), or an HTML tag. </li>\n<li>type: The type of file that will be loaded (image, sound, json, etc).\nPreloadJS does auto-detection of types using the extension. Supported types are defined on PreloadJS, such as PreloadJS.IMAGE.\nIt is recommended that a type is specified when a non-standard file URI (such as a php script) us used.</li>\n<li>id: A string indentifier which can be used to reference the loaded object.</li>\n<li>data: An arbitrary data object, which is included with the loaded object</li>\n</ul>\n</ol>"}, {"type": "Boolean", "name": "loadNow", "description": " Kick off an immediate load (true) or wait for a load call (false). The default value is true. If the queue is paused, and this value\nis true, the queue will resume."}], "description": "Load a manifest. This is a shortcut method to load a group of files. To load a single file, use the loadFile method.\nNote that calling loadManifest appends to the current queue, so it can be used multiple times to add files. To clear\nthe queue first, use the <b>close()</b> method.", "guessedname": "loadManifest", "guessedtype": "function"}, "BrowserDetect": {"description": "An additional module to determine the current browser, version, operating system, and other environmental variables.", "guessedname": "BrowserDetect", "guessedtype": "function"}, "setMaxConnections": {"params": [{"type": "Number", "name": "value", "description": " The number of concurrent loads to allow. By default, only a single connection is open at any time.\nNote that browsers and servers may have a built-in maximum number of open connections"}], "description": "Set the maximum number of concurrent connections.", "guessedname": "setMaxConnections", "guessedtype": "function"}, "proxy": {"description": "A function proxy for PreloadJS methods. By default, JavaScript methods do not maintain scope, so passing a\nmethod as a callback will result in the method getting called in the scope of the caller. Using a proxy\nensures that the method gets called in the correct scope. All internal callbacks in PreloadJS use this approach.", "private": "", "static": "", "guessedname": "proxy", "guessedtype": "function", "params": [{"type": "Function", "name": "method", "description": " The function to call"}, {"type": "Object", "name": "scope", "description": " The scope to call the method name on"}]}, "installPlugin": {"params": [{"type": "Function", "name": "plugin", "description": " The plugin to install"}], "description": "Register a plugin. Plugins can map to both load types (sound, image, etc), or can map to specific\nextensions (png, mp3, etc). Only one plugin can currently exist per suffix/type.\nPlugins must return an object containing:\ncallback: The function to call\ntypes: An array of types to handle\nextensions: An array of extensions to handle. This is overriden by type handlers", "guessedname": "installPlugin", "guessedtype": "function"}, "loadFile": {"params": [{"type": "Object | String", "name": "file", "description": " The file object or path to load. A file can be either\n<ol>\n<li>a path to a resource (string). Note that this kind of load item will be\nconverted to an object (next item) in the background.</li>\n<li>OR an object that contains:<ul>\n<li>src: The source of the file that is being loaded. This property is <b>required</b>. The source can either be a string (recommended), or an HTML tag.</li>\n<li>type: The type of file that will be loaded (image, sound, json, etc).\nPreloadJS does auto-detection of types using the extension. Supported types are defined on PreloadJS, such as PreloadJS.IMAGE.\nIt is recommended that a type is specified when a non-standard file URI (such as a php script) us used.</li>\n<li>id: A string indentifier which can be used to reference the loaded object.</li>\n<li>data: An arbitrary data object, which is included with the loaded object</li>\n</ul>\n</ol>"}, {"type": "Boolean", "name": "loadNow", "description": " Kick off an immediate load (true) or wait for a load call (false). The default value is true. If the queue is paused, and this value\nis true, the queue will resume."}], "description": "Load a single file. Note that calling loadFile appends to the current queue, so it can be used multiple times to\nadd files. Use <b>loadManifest()</b> to add multiple files at onces. To clear the queue first use the <b>close()</b> method.", "guessedname": "loadFile", "guessedtype": "function"}, "isBinary": {"guessedname": "isBinary", "params": [{"type": "", "name": "type", "description": " The type to check"}], "description": "Determine if a specific type should be loaded as a binary file", "private": "", "guessedtype": "function"}, "initialize": {"params": [{"type": "Boolean", "name": "useXHR", "description": " Use XHR (XML HTTP Requests) for loading. When this is false,\nPreloadJS will use tag loading when possible. Note that Scripts and CSS require\nXHR to load properly."}], "description": "Initialize a PreloadJS instance", "guessedname": "initialize", "guessedtype": "function"}, "close": {"description": "Close the active queue. Closing a queue completely empties the queue, and prevents any remaining items from starting to\ndownload. Note that currently there any active loads will remain open, and events may be processed.<br/><br/>\nTo stop and restart a queue, use the <b>setPaused(true|false)</b> method instead.", "guessedname": "close", "guessedtype": "function"}, "setPaused": {"params": [{"type": "Boolean", "name": "value", "description": " Whether the queue should be paused or not."}], "description": "Pause or resume the current load. The active item will not cancel, but the next\nitems in the queue will not be processed.", "guessedname": "setPaused", "guessedtype": "function"}}, "extends": "AbstractLoader", "superclass": "AbstractLoader", "file": "PreloadJS.js", "guessedtype": "function", "shortname": "PreloadJS", "properties": {"SOUND": {"description": "The preload type for sound files, usually mp3, ogg, or wav.", "default": "sound", "static": "", "guessedname": "SOUND", "guessedtype": "property", "type": "String"}, "XML": {"description": "The preload type for xml files.", "default": "xml", "static": "", "guessedname": "XML", "guessedtype": "property", "type": "String"}, "TEXT": {"description": "The preload type for text files, which is also the default file type if the type can not be determined.", "default": "text", "static": "", "guessedname": "TEXT", "guessedtype": "property", "type": "String"}, "IMAGE": {"description": "The preload type for image files, usually png, gif, or jpg/jpeg", "default": "image", "static": "", "guessedname": "IMAGE", "guessedtype": "property", "type": "String"}, "JAVASCRIPT": {"description": "The preload type for javascript files, usually with the \"js\" file extension.", "default": "javascript", "static": "", "guessedname": "JAVASCRIPT", "guessedtype": "property", "type": "String"}, "next": {"default": "null", "type": "PreloadJS", "description": "The next preload queue to process when this one is complete.", "guessedname": "next", "guessedtype": "property"}, "maintainScriptOrder": {"default": "true", "type": "Boolean", "description": "Ensure loaded scripts \"complete\" in the order they are specified.", "guessedname": "maintainScriptOrder", "guessedtype": "property"}, "JSON": {"description": "The preload type for json files, usually with the \"json\" file extension.", "default": "json", "static": "", "guessedname": "JSON", "guessedtype": "property", "type": "String"}, "TIMEOUT_TIME": {"description": "Time in millseconds to assume a load has failed.", "default": "8000", "static": "", "guessedname": "TIMEOUT_TIME", "guessedtype": "property", "type": "Number"}, "stopOnError": {"default": "false", "type": "Boolean", "description": "Stop processing the current queue when an error is encountered.", "guessedname": "stopOnError", "guessedtype": "property"}, "CSS": {"description": "The preload type for css files.", "default": "css", "static": "", "guessedname": "CSS", "guessedtype": "property", "type": "String"}, "useXHR": {"default": "true", "type": "Boolean", "description": "Use XMLHttpRequest when possible.", "guessedname": "useXHR", "guessedtype": "property"}}, "description": "PreloadJS provides a consistent way to preload content for use in HTML applications."}}, "version": "NEXT", "modules": {"PreloadJS": {"description": "PreloadJS provides a consistent API for preloading content in HTML5.", "submodules": [], "classlist": ["AbstractLoader", "PreloadJS", "TagLoader", "XHRLoader"], "filelist": ["AbstractLoader.js", "PreloadJS.js", "TagLoader.js", "XHRLoader.js"], "subdata": {}, "name": "PreloadJS"}}, "filemap": {"TagLoader.js": {"classlist": ["TagLoader"], "name": "TagLoader.js", "module": "PreloadJS"}, "XHRLoader.js": {"classlist": ["XHRLoader"], "name": "XHRLoader.js", "module": "PreloadJS"}, "PreloadJS.js": {"classlist": ["PreloadJS"], "name": "PreloadJS.js", "module": "PreloadJS"}, "AbstractLoader.js": {"classlist": ["AbstractLoader"], "name": "AbstractLoader.js", "module": "PreloadJS"}}}